id,first_name,last_name,email,phone,address,city,state,country,postal_code
1,Brian,Wilson,kaylamcgee@example.com,411-256-9422x96655,84652 Gray Springs Suite 457,Lisastad,OR,Western Sahara,87135
2,Jimmy,Boyd,jeffrey61@example.org,558-877-1699,2591 Pena Locks,East Annbury,VT,Turks and Caicos Islands,96424
3,Ariana,Stephens,gutierrezmarie@example.net,682-876-8204,6121 Lewis Well,Marquezland,KY,Argentina,62653
4,Stephen,Dickerson,kelsey14@example.net,864-842-3988x7524,00584 Scott Mountains,Johnsonchester,IN,Trinidad and Tobago,61572
5,Austin,Baker,pamela74@example.org,752-249-3615,124 Rebecca Plain,Johnsonburgh,TX,South Georgia and the South Sandwich Islands,33385
6,Tina,Baker,orodriguez@example.net,272.543.8624,60369 Richard Trail Suite 894,Port Jason,ID,Myanmar,88307
7,Jennifer,Sanchez,ymatthews@example.com,(290)624-7388,9958 Jones Keys Suite 911,Michaelmouth,ID,South Africa,32036
8,David,Perez,hannahmunoz@example.com,382-235-7222,2888 Steven Common Suite 653,Jenniferland,MP,Eritrea,74843
9,Colton,Gilbert,nealtrevor@example.org,+1-720-458-0576x0623,2076 Gonzalez Greens Apt. 161,Walterville,LA,Saint Vincent and the Grenadines,23268
10,Margaret,Velasquez,daisyandrade@example.org,+1-540-923-1378,293 Lisa Manor Apt. 122,North Jessica,IL,Iraq,04137
